id;user_name;user_id;member_id;first_name;last_name;dob;gender;image_url;title;summary
1;parse;New SSL;initiative cross-platform;Kendrick;Carter;programming even-keeled orchid;PCI;../fake-data/blob/hipster.txt;intangible;../fake-data/blob/hipster.txt
2;Awesome back-end De-engineered;magenta Massachusetts;Buckinghamshire applications challenge;Jalyn;Kemmer;generating interactive IB;Consultant Soap;../fake-data/blob/hipster.txt;schemas Concrete up;../fake-data/blob/hipster.txt
3;Bangladesh superstructure neural;Ball;Frozen Cambridgeshire;Albin;Nitzsche;functionalities ADP;panel;../fake-data/blob/hipster.txt;Branding drive;../fake-data/blob/hipster.txt
4;driver;users mission-critical;Rubber driver;Abdiel;Reichert;Soft target;connect relationships;../fake-data/blob/hipster.txt;Fresh Borders;../fake-data/blob/hipster.txt
5;exploit drive;Movies Borders reboot;plug-and-play;Eliseo;Deckow;deposit synthesize real-time;lime Assurance;../fake-data/blob/hipster.txt;connecting Specialist;../fake-data/blob/hipster.txt
6;tan;Analyst Shirt;Factors;Edwin;Shields;Plastic Trail Refined;Intuitive withdrawal;../fake-data/blob/hipster.txt;Utah Applications Implementation;../fake-data/blob/hipster.txt
7;Division Chair ROI;Centralized mindshare Borders;B2C leverage SQL;Regan;Reichert;Compatible UIC-Franc Zloty;Industrial;../fake-data/blob/hipster.txt;synergize Soft;../fake-data/blob/hipster.txt
8;Berkshire deploy forecast;Steel;Small Tactics;Vallie;McDermott;Pines Future;deliverables;../fake-data/blob/hipster.txt;synergize Shoes;../fake-data/blob/hipster.txt
9;RSS;matrices Proactive;orchid responsive;Judah;Keeling;invoice;e-commerce invoice;../fake-data/blob/hipster.txt;matrix;../fake-data/blob/hipster.txt
10;green;plum pixel;sticky Dakota tangible;Rodrigo;Doyle;JSON Handmade;program Loan;../fake-data/blob/hipster.txt;Profit-focused Integration;../fake-data/blob/hipster.txt
