id;user_name;user_id;member_id;phone_number;email_id;password;status;activation_code
1;Creative;Account Account Supervisor;Soft hard;override;paradigms scalable invoice;Devolved Finland;Concrete Computers;synergistic
2;panel;Handmade Awesome cutting-edge;Industrial Borders;Identity grid-enabled HTTP;connect Gloves Functionality;Liaison;communities infomediaries world-class;Squares
3;Account Chips;line;Devolved Nevada Soft;Account Berkshire;Steel withdrawal Applications;parse;calculating;Wisconsin collaborative
4;white implement;revolutionize;up;up Innovative;Western back-end Borders;red Baby;haptic;portals Dominican
5;Auto Concrete;infomediaries Frozen bandwidth-monitored;up Associate;e-business fuchsia;Nevada;Frozen;up Graphical indexing;SAS Outdoors deposit
6;contextually-based Multi-channelled;Licensed payment Investment;maroon;hack;Configurable Bulgarian;Soft Steel copy;Fresh;help-desk Adaptive Ridge
7;Coordinator Nicaragua;mint cross-platform Concrete;Rubber communities Keyboard;Intelligent firewall card;Soft magnetic Future;Car;interface;Avon
8;Gibraltar Steel Fish;Croatian Lodge;index Lodge;Fantastic Licensed;Guinea backing lavender;Pataca;deposit Quality-focused Rustic;core Gorgeous
9;deposit;paradigms Liaison;Forward;Beauty;Loan;mobile orchid Industrial;olive;lavender Buckinghamshire
10;bus algorithm;cross-platform Dinar platforms;functionalities Sausages;B2B;brand;human-resource indexing Belize;Summit capacitor;array
